{"cameraMode":{"drawMode":0,"name":"Shaded","section":"Shading Mode"},"sceneLighting":false,"audioPlay":false,"sceneViewState":{"m_AlwaysRefresh":false,"showFog":true,"showSkybox":false,"showFlares":true,"showImageEffects":true,"showParticleSystems":true,"showVisualEffectGraphs":true,"m_FxEnabled":true},"in2DMode":false,"pivot":{"x":0.013994812965393067,"y":0.49224114418029787,"z":0.00035975314676761627},"rotation":{"x":0.1823832243680954,"y":0.3466658592224121,"z":-0.06888069212436676,"w":0.9175829291343689},"size":0.841813325881958,"orthographic":false}